ID,age,gp,pts,reb,ast,net_rating,oreb_pct,dreb_pct,usg_pct,ts_pct,ast_pct,season_no,total_season,block_id
438,24.0,2,2.5,0.5,0.0,105.8,0.1669999999999999,0.0,0.158,0.727,0.0,1,3,242
438,25.0,39,6.1,1.1,0.6,-4.2,0.011,0.073,0.179,0.597,0.074,2,3,242
438,26.0,68,10.6,3.0,1.4,5.6,0.016,0.1119999999999999,0.177,0.614,0.086,3,3,242
125,28.0,71,15.2,2.6,1.9,-0.5,0.0279999999999999,0.078,0.254,0.574,0.13,1,3,77
125,29.0,68,18.4,4.0,2.5,7.8,0.025,0.1169999999999999,0.286,0.5489999999999999,0.149,2,3,77
125,30.0,79,16.0,3.5,2.5,8.7,0.03,0.091,0.258,0.532,0.144,3,3,77
414,35.0,53,8.0,4.6,1.7,-0.3,0.022,0.1369999999999999,0.1169999999999999,0.593,0.081,1,3,226
414,36.0,30,9.4,4.8,1.8,2.8,0.033,0.15,0.149,0.542,0.089,2,3,226
414,37.0,24,4.0,3.4,1.1,-5.3,0.02,0.151,0.11,0.449,0.079,3,3,226
359,28.0,68,15.1,13.5,1.5,6.2,0.104,0.276,0.162,0.6990000000000001,0.065,1,3,203
359,29.0,71,14.3,13.5,1.3,15.9,0.11,0.288,0.166,0.6829999999999999,0.059,2,3,203
359,30.0,66,15.6,14.7,1.1,9.6,0.114,0.312,0.166,0.732,0.052,3,3,203
439,28.0,74,9.1,5.2,1.2,3.4,0.054,0.136,0.134,0.605,0.065,1,3,243
439,29.0,50,7.1,5.2,1.4,4.6,0.035,0.151,0.103,0.606,0.066,2,3,243
439,30.0,59,7.0,5.9,1.2,3.9,0.047,0.182,0.131,0.537,0.067,3,3,243
99,27.0,48,4.4,4.6,1.0,-7.1,0.089,0.144,0.1009999999999999,0.5660000000000001,0.079,1,3,60
99,28.0,67,7.2,5.8,1.3,-3.6,0.1009999999999999,0.138,0.133,0.552,0.085,2,3,60
99,29.0,55,4.5,4.3,1.0,-0.1,0.1119999999999999,0.128,0.108,0.534,0.074,3,3,60
507,23.0,45,8.7,4.9,1.2,-4.2,0.063,0.2019999999999999,0.179,0.638,0.1,1,3,279
507,24.0,45,6.9,3.2,1.1,-7.9,0.035,0.149,0.178,0.58,0.107,2,3,279
507,25.0,63,9.0,3.7,1.4,-7.2,0.0409999999999999,0.19,0.2239999999999999,0.623,0.151,3,3,279
324,27.0,20,5.2,2.3,0.4,7.2,0.027,0.109,0.139,0.627,0.046,1,3,182
324,28.0,30,9.2,3.9,1.0,-1.3,0.055,0.108,0.163,0.557,0.07,2,3,182
324,29.0,46,5.1,3.3,0.8,-9.0,0.061,0.179,0.15,0.5670000000000001,0.085,3,3,182
526,27.0,24,2.4,3.0,0.3,-15.7,0.081,0.22,0.131,0.526,0.049,1,3,286
526,28.0,13,1.5,1.5,0.2,12.2,0.077,0.153,0.106,0.5670000000000001,0.032,2,3,286
526,29.0,3,2.0,2.0,0.0,-54.2,0.15,0.158,0.152,0.6,0.0,3,3,286
228,27.0,53,7.4,5.8,0.9,-6.6,0.1119999999999999,0.178,0.168,0.57,0.079,1,3,130
228,28.0,66,5.0,5.3,1.2,-8.9,0.094,0.15,0.113,0.574,0.087,2,3,130
228,29.0,36,5.8,4.6,0.6,5.6,0.1169999999999999,0.207,0.1669999999999999,0.596,0.064,3,3,130
309,26.0,36,6.8,2.1,1.2,-5.0,0.016,0.138,0.2289999999999999,0.511,0.147,1,3,170
309,27.0,62,6.5,3.2,1.7,1.0,0.022,0.168,0.19,0.479,0.144,2,3,170
309,28.0,24,2.9,1.8,0.5,-5.1,0.04,0.15,0.15,0.523,0.074,3,3,170
451,22.0,61,9.7,7.0,0.6,-2.9,0.122,0.16,0.129,0.726,0.039,1,3,248
451,23.0,31,8.3,8.1,0.5,-0.4,0.124,0.155,0.114,0.642,0.03,2,3,248
451,24.0,72,8.5,8.6,0.5,-2.1,0.145,0.171,0.11,0.722,0.032,3,3,248
143,23.0,22,9.0,3.0,1.6,2.5,0.027,0.128,0.214,0.547,0.125,1,3,84
143,24.0,62,13.4,4.1,2.3,-3.4,0.035,0.123,0.254,0.516,0.15,2,3,84
143,25.0,51,6.4,2.8,1.1,-8.6,0.025,0.149,0.196,0.491,0.105,3,3,84
315,23.0,12,1.7,1.6,0.2,-6.5,0.038,0.213,0.091,0.7440000000000001,0.039,1,3,175
315,24.0,63,6.0,3.4,1.2,-9.0,0.031,0.154,0.128,0.573,0.094,2,3,175
315,25.0,51,5.3,2.9,1.0,2.0,0.031,0.12,0.107,0.584,0.077,3,3,175
420,22.0,13,1.8,1.1,0.1,-9.8,0.103,0.148,0.15,0.741,0.031,1,3,231
420,23.0,32,4.9,3.0,0.5,-4.2,0.065,0.149,0.136,0.659,0.057,2,3,231
420,24.0,20,3.4,2.7,0.2,-7.5,0.08,0.2,0.127,0.643,0.021,3,3,231
289,33.0,68,8.0,3.3,1.3,6.4,0.03,0.1,0.135,0.552,0.069,1,3,159
289,34.0,69,9.5,3.8,1.7,7.1,0.0289999999999999,0.1,0.138,0.5820000000000001,0.08,2,3,159
289,35.0,62,5.9,2.5,1.0,3.0,0.025,0.091,0.121,0.561,0.065,3,3,159
159,21.0,62,8.6,4.3,1.6,-4.7,0.05,0.114,0.148,0.5529999999999999,0.089,1,3,93
159,22.0,59,5.4,2.6,1.1,-6.6,0.048,0.079,0.119,0.524,0.072,2,3,93
159,23.0,49,2.7,1.4,0.5,2.5,0.049,0.077,0.115,0.526,0.066,3,3,93
220,24.0,62,14.4,7.7,3.7,-1.2,0.05,0.181,0.205,0.516,0.165,1,3,125
220,25.0,50,12.4,5.7,3.2,2.1,0.055,0.15,0.204,0.547,0.165,2,3,125
220,26.0,75,15.0,5.9,2.5,6.2,0.057,0.129,0.1939999999999999,0.602,0.109,3,3,125
246,21.0,65,20.8,3.1,3.0,-9.2,0.0279999999999999,0.069,0.264,0.56,0.146,1,3,136
246,22.0,60,24.3,3.1,4.4,-9.2,0.027,0.063,0.286,0.573,0.222,2,3,136
246,23.0,11,16.0,3.3,2.1,-5.8,0.0409999999999999,0.066,0.264,0.523,0.125,3,3,136
165,24.0,18,6.2,2.1,1.3,0.8,0.03,0.086,0.152,0.595,0.122,1,3,97
165,25.0,53,5.0,2.7,1.3,-4.9,0.036,0.125,0.1639999999999999,0.465,0.123,2,3,97
165,26.0,60,9.2,3.8,1.1,5.7,0.054,0.114,0.158,0.611,0.068,3,3,97
271,30.0,61,14.9,4.6,5.4,11.8,0.025,0.121,0.233,0.5710000000000001,0.275,1,3,152
271,31.0,71,12.2,3.4,3.8,-1.8,0.013,0.1,0.181,0.5329999999999999,0.17,2,3,152
271,32.0,54,9.9,3.4,4.2,-1.2,0.02,0.105,0.198,0.514,0.251,3,3,152
48,34.0,59,16.2,3.2,5.1,3.5,0.017,0.09,0.248,0.573,0.297,1,3,27
48,35.0,50,13.4,3.4,4.4,1.5,0.019,0.107,0.239,0.552,0.26,2,3,27
48,36.0,21,7.5,3.1,4.1,0.4,0.027,0.104,0.166,0.474,0.2269999999999999,3,3,27
281,34.0,69,7.5,7.3,0.7,5.9,0.128,0.257,0.146,0.696,0.048,1,3,156
281,35.0,69,7.0,8.4,0.9,-2.4,0.148,0.309,0.173,0.61,0.076,2,3,156
281,36.0,60,6.2,5.9,0.6,-5.7,0.12,0.246,0.145,0.657,0.049,3,3,156
382,32.0,36,5.1,1.8,1.2,-3.1,0.0069999999999999,0.104,0.146,0.509,0.1169999999999999,1,3,213
382,33.0,46,9.6,1.8,1.5,-4.3,0.012,0.073,0.162,0.625,0.0969999999999999,2,3,213
382,34.0,43,6.7,1.8,0.7,-3.8,0.012,0.078,0.135,0.593,0.055,3,3,213
108,28.0,20,27.4,5.2,6.4,-0.4,0.032,0.12,0.318,0.595,0.331,1,3,67
108,29.0,54,26.9,4.8,6.0,5.6,0.0289999999999999,0.1009999999999999,0.297,0.614,0.2689999999999999,2,3,67
108,30.0,29,27.4,4.4,5.8,5.2,0.015,0.096,0.283,0.5920000000000001,0.235,3,3,67
82,20.0,50,10.0,3.2,2.2,-11.2,0.018,0.121,0.2019999999999999,0.535,0.147,1,3,49
82,21.0,26,16.6,3.8,6.3,-12.6,0.022,0.098,0.247,0.528,0.293,2,3,49
82,22.0,61,15.6,4.4,6.2,-6.7,0.022,0.111,0.239,0.531,0.302,3,3,49
49,25.0,42,3.7,2.6,0.4,-5.1,0.0579999999999999,0.1159999999999999,0.105,0.568,0.043,1,3,28
49,26.0,39,3.1,2.9,0.8,-7.7,0.044,0.125,0.0969999999999999,0.436,0.064,2,3,28
49,27.0,38,2.7,2.4,0.5,-2.1,0.057,0.174,0.11,0.547,0.067,3,3,28
312,28.0,73,6.9,3.8,3.3,1.7,0.04,0.124,0.14,0.5539999999999999,0.215,1,3,172
312,29.0,63,10.2,4.3,4.4,-3.5,0.036,0.122,0.163,0.562,0.237,2,3,172
312,30.0,77,4.4,2.9,2.4,2.8,0.035,0.1159999999999999,0.1009999999999999,0.5760000000000001,0.178,3,3,172
181,32.0,68,12.0,4.6,1.5,12.0,0.031,0.118,0.181,0.551,0.073,1,3,106
181,33.0,70,12.3,5.0,0.7,6.8,0.054,0.115,0.166,0.611,0.033,2,3,106
181,34.0,13,12.4,4.1,0.5,-1.4,0.0579999999999999,0.108,0.211,0.57,0.03,3,3,106
514,20.0,30,9.0,4.1,1.2,0.7,0.06,0.176,0.2339999999999999,0.505,0.106,1,3,284
514,21.0,70,11.2,4.6,1.0,-9.7,0.054,0.173,0.218,0.599,0.088,2,3,284
514,22.0,77,8.3,3.9,0.9,-2.4,0.074,0.161,0.209,0.588,0.091,3,3,284
447,32.0,47,14.4,3.2,4.4,2.1,0.024,0.083,0.223,0.537,0.236,1,3,246
447,33.0,51,16.2,3.5,6.0,16.7,0.024,0.0819999999999999,0.2239999999999999,0.589,0.303,2,3,246
447,34.0,72,13.7,3.0,5.3,7.7,0.023,0.079,0.2019999999999999,0.5720000000000001,0.281,3,3,246
195,23.0,10,2.0,0.4,0.2,33.9,0.04,0.048,0.231,0.472,0.077,1,3,113
195,24.0,9,4.4,1.9,1.0,-12.7,0.017,0.091,0.14,0.422,0.08,2,3,113
195,25.0,22,1.4,1.5,0.3,-3.6,0.067,0.088,0.105,0.346,0.045,3,3,113
498,26.0,44,12.3,8.1,1.0,1.2,0.1009999999999999,0.191,0.156,0.6809999999999999,0.05,1,3,273
498,27.0,61,14.2,8.3,1.7,0.3,0.081,0.196,0.173,0.669,0.0819999999999999,2,3,273
498,28.0,45,10.4,7.0,1.1,-5.8,0.0819999999999999,0.198,0.153,0.6890000000000001,0.068,3,3,273
350,24.0,33,3.6,1.6,1.7,-4.6,0.024,0.1009999999999999,0.218,0.37,0.24,1,3,198
350,25.0,17,0.1,0.3,0.1,-16.0,0.0,0.114,0.118,0.111,0.063,2,3,198
350,26.0,19,2.5,1.1,0.9,-12.4,0.012,0.124,0.138,0.5529999999999999,0.181,3,3,198
295,29.0,66,30.0,4.3,8.0,1.4,0.013,0.092,0.294,0.627,0.335,1,3,162
295,30.0,67,28.8,4.2,7.5,4.0,0.012,0.104,0.306,0.623,0.3339999999999999,2,3,162
295,31.0,29,24.0,4.1,7.3,-1.8,0.012,0.104,0.288,0.55,0.321,3,3,162
460,21.0,36,6.8,2.3,0.8,4.4,0.03,0.066,0.139,0.506,0.045,1,3,253
460,22.0,52,14.0,3.6,1.7,-7.2,0.023,0.092,0.218,0.513,0.09,2,3,253
460,23.0,51,17.2,4.2,1.7,-8.1,0.02,0.0969999999999999,0.228,0.541,0.087,3,3,253
360,22.0,48,13.5,6.1,1.8,-8.2,0.051,0.155,0.1889999999999999,0.535,0.088,1,3,204
360,23.0,57,13.8,5.5,1.4,-2.8,0.026,0.139,0.18,0.5489999999999999,0.062,2,3,204
360,24.0,42,11.3,3.8,1.1,-7.1,0.027,0.143,0.205,0.579,0.08,3,3,204
117,24.0,57,20.4,9.5,1.8,6.9,0.052,0.221,0.263,0.551,0.088,1,3,71
117,25.0,43,20.1,8.9,1.6,0.7,0.062,0.2189999999999999,0.259,0.5820000000000001,0.081,2,3,71
117,26.0,51,20.2,8.1,2.3,0.4,0.068,0.204,0.286,0.5770000000000001,0.133,3,3,71
84,20.0,65,6.4,2.8,0.9,-7.3,0.021,0.128,0.172,0.47,0.076,1,3,51
84,21.0,42,3.9,1.5,0.5,-3.5,0.02,0.1009999999999999,0.152,0.537,0.064,2,3,51
84,22.0,30,3.1,1.5,0.3,-15.1,0.055,0.127,0.187,0.491,0.077,3,3,51
184,25.0,8,10.9,3.9,3.0,23.1,0.023,0.131,0.182,0.612,0.182,1,3,108
184,26.0,60,8.4,2.4,3.6,7.8,0.016,0.119,0.193,0.602,0.281,2,3,108
184,27.0,58,10.8,3.0,4.9,6.3,0.018,0.109,0.235,0.5,0.318,3,3,108
105,23.0,53,9.3,1.9,1.9,4.3,0.004,0.0579999999999999,0.132,0.58,0.09,1,3,65
105,24.0,61,9.3,1.8,1.6,1.1,0.008,0.067,0.1639999999999999,0.578,0.0969999999999999,2,3,65
105,25.0,69,8.3,1.8,1.6,4.9,0.01,0.072,0.16,0.55,0.104,3,3,65
313,23.0,66,10.9,5.8,4.1,-4.2,0.04,0.184,0.207,0.524,0.2319999999999999,1,3,173
313,24.0,67,15.7,7.1,5.4,2.3,0.026,0.19,0.231,0.509,0.246,2,3,173
313,25.0,68,21.1,8.3,9.2,1.9,0.031,0.196,0.268,0.5329999999999999,0.3879999999999999,3,3,173
29,21.0,13,2.9,2.5,0.3,3.0,0.111,0.158,0.153,0.504,0.054,1,3,16
29,22.0,19,6.1,3.4,1.3,-9.1,0.061,0.128,0.156,0.547,0.11,2,3,16
29,23.0,7,14.7,12.0,2.4,-17.2,0.1119999999999999,0.228,0.184,0.536,0.113,3,3,16
177,24.0,34,6.1,2.1,1.5,-13.8,0.023,0.132,0.22,0.507,0.208,1,3,103
177,25.0,47,4.9,1.5,2.0,-4.4,0.012,0.0969999999999999,0.19,0.471,0.246,2,3,103
177,26.0,36,4.8,1.9,2.5,-6.3,0.0279999999999999,0.11,0.177,0.501,0.278,3,3,103
263,30.0,44,5.8,5.7,0.5,-0.7,0.075,0.241,0.179,0.473,0.0409999999999999,1,3,146
263,31.0,16,7.1,5.4,0.8,17.1,0.1369999999999999,0.282,0.183,0.735,0.083,2,3,146
263,32.0,67,6.3,5.8,0.7,3.5,0.1,0.251,0.1639999999999999,0.632,0.069,3,3,146
417,29.0,57,12.0,10.1,2.1,-10.1,0.126,0.207,0.181,0.54,0.106,1,3,229
417,30.0,54,7.6,8.1,1.2,1.0,0.124,0.212,0.144,0.54,0.073,2,3,229
417,31.0,57,6.0,5.1,0.6,-3.6,0.125,0.196,0.168,0.541,0.054,3,3,229
9,24.0,66,5.6,5.7,1.8,5.7,0.108,0.1939999999999999,0.125,0.612,0.126,1,3,4
9,25.0,69,8.6,7.9,1.9,3.2,0.114,0.173,0.13,0.612,0.096,2,3,4
9,26.0,68,13.5,9.3,2.8,3.4,0.125,0.184,0.182,0.613,0.131,3,3,4
248,27.0,71,9.5,5.7,1.6,6.5,0.066,0.113,0.128,0.595,0.073,1,3,138
248,28.0,60,9.8,5.4,1.7,5.1,0.052,0.1159999999999999,0.12,0.609,0.07,2,3,138
248,29.0,80,11.0,4.7,1.9,4.4,0.047,0.095,0.138,0.604,0.08,3,3,138
100,28.0,62,20.9,6.2,4.3,12.4,0.023,0.157,0.26,0.619,0.212,1,3,61
100,29.0,68,20.4,6.0,5.4,6.2,0.023,0.143,0.245,0.588,0.2269999999999999,2,3,61
100,30.0,66,20.1,5.4,5.4,5.4,0.019,0.136,0.255,0.5770000000000001,0.246,3,3,61
187,23.0,44,3.0,2.9,0.5,-6.0,0.162,0.184,0.155,0.6509999999999999,0.103,1,3,109
187,24.0,15,2.1,1.8,0.4,-0.5,0.0819999999999999,0.217,0.151,0.708,0.102,2,3,109
187,25.0,10,2.6,3.6,0.7,-16.1,0.127,0.2739999999999999,0.123,0.6409999999999999,0.13,3,3,109
508,20.0,9,1.2,1.6,0.1,-50.9,0.073,0.324,0.2,0.407,0.048,1,3,280
508,21.0,43,8.6,8.9,0.2,-18.3,0.143,0.238,0.157,0.5720000000000001,0.017,2,3,280
508,22.0,40,4.3,3.4,0.0,-6.2,0.11,0.257,0.1989999999999999,0.612,0.005,3,3,280
219,23.0,66,9.5,2.4,3.4,2.2,0.013,0.077,0.182,0.521,0.188,1,3,124
219,24.0,66,7.2,1.3,1.9,-0.2,0.012,0.06,0.1889999999999999,0.503,0.139,2,3,124
219,25.0,63,6.3,1.9,2.4,-1.4,0.023,0.092,0.182,0.544,0.223,3,3,124
214,28.0,66,15.0,4.3,2.9,-6.3,0.025,0.131,0.23,0.561,0.179,1,3,121
214,29.0,49,12.7,4.6,2.2,5.0,0.016,0.156,0.208,0.564,0.135,2,3,121
214,30.0,81,11.7,4.9,3.0,2.3,0.019,0.148,0.171,0.5589999999999999,0.158,3,3,121
173,23.0,58,8.9,4.7,4.0,-4.3,0.038,0.131,0.159,0.518,0.208,1,3,102
173,24.0,65,8.8,5.4,1.6,3.5,0.081,0.154,0.157,0.604,0.099,2,3,102
173,25.0,72,9.0,4.8,2.1,-0.3,0.0559999999999999,0.13,0.146,0.575,0.114,3,3,102
412,22.0,11,3.6,1.1,1.5,8.4,0.0,0.089,0.2319999999999999,0.381,0.195,1,3,225
412,23.0,26,3.8,0.8,2.4,-2.0,0.021,0.062,0.204,0.541,0.38,2,3,225
412,24.0,3,3.3,1.3,2.3,-17.1,0.0,0.077,0.15,0.357,0.179,3,3,225
247,28.0,69,10.3,2.5,1.1,3.2,0.018,0.098,0.186,0.62,0.081,1,3,137
247,29.0,66,13.6,3.3,1.3,-1.8,0.036,0.096,0.1939999999999999,0.635,0.075,2,3,137
247,30.0,51,11.3,2.3,1.3,-1.8,0.0139999999999999,0.076,0.178,0.593,0.068,3,3,137
461,21.0,61,28.8,9.4,8.8,5.3,0.036,0.2239999999999999,0.355,0.585,0.4539999999999999,1,3,254
461,22.0,66,27.7,8.0,8.6,3.9,0.024,0.2019999999999999,0.35,0.5870000000000001,0.425,2,3,254
461,23.0,65,28.4,9.1,8.7,3.5,0.025,0.23,0.368,0.5710000000000001,0.4579999999999999,3,3,254
478,22.0,62,5.4,4.9,0.7,0.5,0.099,0.216,0.163,0.542,0.077,1,3,261
478,23.0,46,8.0,5.8,0.8,-12.9,0.091,0.24,0.21,0.556,0.0819999999999999,2,3,261
478,24.0,71,10.6,8.1,1.2,-9.6,0.077,0.214,0.17,0.5820000000000001,0.073,3,3,261
140,21.0,57,8.8,2.1,2.4,-8.2,0.0069999999999999,0.087,0.2,0.4539999999999999,0.16,1,3,82
140,22.0,51,12.0,1.8,1.9,0.7,0.015,0.074,0.246,0.581,0.161,2,3,82
140,23.0,76,18.5,3.4,4.0,6.6,0.015,0.094,0.252,0.598,0.207,3,3,82
157,26.0,55,13.7,3.2,2.9,3.3,0.023,0.075,0.2,0.5329999999999999,0.138,1,3,92
157,27.0,59,12.1,3.3,2.6,-0.2,0.0279999999999999,0.079,0.181,0.537,0.123,2,3,92
157,28.0,65,10.2,2.8,1.8,4.5,0.026,0.087,0.171,0.573,0.105,3,3,92
167,28.0,70,22.2,4.2,4.4,0.5,0.017,0.09,0.257,0.541,0.185,1,3,98
167,29.0,47,23.1,3.9,4.7,6.2,0.018,0.099,0.265,0.5770000000000001,0.22,2,3,98
167,30.0,62,22.1,4.3,5.1,-1.9,0.024,0.1009999999999999,0.2689999999999999,0.5529999999999999,0.238,3,3,98
64,31.0,68,10.9,3.2,4.9,-3.9,0.015,0.103,0.186,0.509,0.266,1,3,38
64,32.0,44,6.7,3.4,3.9,2.3,0.022,0.131,0.155,0.473,0.242,2,3,38
64,33.0,65,6.3,2.2,3.8,-6.7,0.021,0.1,0.195,0.465,0.318,3,3,38
178,23.0,58,12.1,5.9,1.4,-0.1,0.067,0.177,0.18,0.6629999999999999,0.092,1,3,104
178,24.0,59,10.3,5.6,1.6,0.2,0.064,0.16,0.1669999999999999,0.56,0.094,2,3,104
178,25.0,64,10.4,5.3,1.3,7.5,0.099,0.148,0.171,0.66,0.1009999999999999,3,3,104
145,24.0,11,11.3,6.6,4.0,6.4,0.043,0.154,0.19,0.44,0.183,1,3,85
145,25.0,26,6.8,4.5,1.9,-6.1,0.032,0.187,0.212,0.395,0.14,2,3,85
145,26.0,48,5.7,4.2,1.8,2.1,0.06,0.177,0.178,0.479,0.155,3,3,85
199,22.0,37,3.3,1.3,0.6,-5.5,0.0139999999999999,0.107,0.171,0.444,0.111,1,3,115
199,23.0,31,4.0,0.8,0.5,-4.1,0.01,0.084,0.187,0.527,0.075,2,3,115
199,24.0,4,5.8,1.5,3.5,-5.9,0.022,0.044,0.179,0.3779999999999999,0.25,3,3,115
298,24.0,37,3.6,2.5,0.7,-6.3,0.031,0.181,0.175,0.475,0.104,1,3,164
298,25.0,35,5.2,3.2,0.7,-11.3,0.042,0.1989999999999999,0.195,0.511,0.088,2,3,164
298,26.0,4,7.5,4.0,1.3,-16.5,0.017,0.238,0.159,0.773,0.147,3,3,164
348,32.0,64,10.3,4.9,1.8,-6.2,0.054,0.145,0.192,0.521,0.113,1,3,196
348,33.0,68,12.1,6.2,4.3,4.1,0.105,0.154,0.216,0.578,0.253,2,3,196
348,34.0,52,6.2,4.0,2.0,-0.2,0.088,0.152,0.1689999999999999,0.5479999999999999,0.177,3,3,196
202,20.0,7,5.7,2.7,0.9,-9.8,0.057,0.171,0.206,0.617,0.103,1,3,117
202,21.0,32,2.2,0.8,0.2,-24.9,0.0,0.154,0.191,0.534,0.067,2,3,117
202,22.0,14,2.4,1.4,0.4,0.5,0.049,0.211,0.16,0.565,0.102,3,3,117
495,22.0,20,3.1,1.0,0.3,-6.9,0.017,0.113,0.152,0.584,0.043,1,3,271
495,23.0,14,2.4,0.8,0.4,-5.2,0.012,0.1639999999999999,0.176,0.645,0.154,2,3,271
495,24.0,5,4.2,1.6,2.0,-2.7,0.051,0.076,0.075,0.8690000000000001,0.172,3,3,271
154,24.0,48,6.0,4.1,0.8,-2.3,0.046,0.184,0.149,0.518,0.063,1,3,89
154,25.0,52,7.2,3.9,0.7,-4.9,0.047,0.177,0.1669999999999999,0.5489999999999999,0.055,2,3,89
154,26.0,40,3.3,2.5,0.5,0.5,0.063,0.155,0.133,0.542,0.064,3,3,89
38,20.0,67,17.8,3.9,7.3,-0.6,0.024,0.09,0.256,0.556,0.354,1,3,21
38,21.0,63,19.1,4.0,7.4,2.6,0.027,0.091,0.267,0.537,0.321,2,3,21
38,22.0,57,27.4,5.7,6.7,4.1,0.037,0.124,0.33,0.575,0.33,3,3,21
133,24.0,19,2.8,2.5,1.2,4.9,0.093,0.152,0.0969999999999999,0.713,0.161,1,3,79
133,25.0,43,4.3,3.0,1.1,2.1,0.057,0.161,0.124,0.608,0.111,2,3,79
133,26.0,72,4.8,4.6,1.5,2.7,0.059,0.182,0.0969999999999999,0.615,0.109,3,3,79
255,24.0,73,16.2,3.3,2.1,-0.3,0.03,0.076,0.247,0.51,0.104,1,3,142
255,25.0,67,17.2,2.9,2.3,4.5,0.026,0.069,0.256,0.515,0.1119999999999999,2,3,142
255,26.0,32,18.4,3.2,2.8,11.0,0.03,0.08,0.283,0.515,0.147,3,3,142
381,23.0,14,1.2,0.7,0.2,-6.0,0.109,0.119,0.177,0.507,0.086,1,3,212
381,24.0,41,2.1,1.2,0.3,-17.5,0.035,0.136,0.132,0.547,0.073,2,3,212
381,25.0,15,4.1,2.1,1.1,0.8,0.0409999999999999,0.133,0.131,0.657,0.139,3,3,212
371,23.0,40,9.4,2.2,2.6,0.1,0.018,0.093,0.186,0.617,0.182,1,3,209
371,24.0,63,13.0,2.3,3.1,4.3,0.022,0.076,0.239,0.5489999999999999,0.21,2,3,209
371,25.0,55,8.2,2.6,2.5,-1.0,0.025,0.094,0.174,0.517,0.178,3,3,209
331,25.0,52,5.1,3.5,1.0,2.4,0.037,0.168,0.162,0.486,0.094,1,3,186
331,26.0,51,8.2,4.4,1.4,-5.4,0.0289999999999999,0.147,0.133,0.597,0.088,2,3,186
331,27.0,49,3.3,3.0,0.7,2.3,0.039,0.187,0.124,0.495,0.078,3,3,186
294,27.0,49,12.7,4.9,2.7,-4.1,0.021,0.144,0.184,0.5479999999999999,0.139,1,3,161
294,28.0,57,6.5,3.2,1.3,1.6,0.02,0.142,0.127,0.636,0.094,2,3,161
294,29.0,63,7.4,3.2,1.0,2.8,0.022,0.136,0.156,0.561,0.072,3,3,161
50,34.0,62,10.3,3.5,2.5,-1.4,0.015,0.096,0.162,0.513,0.132,1,3,29
50,35.0,56,7.6,2.9,2.2,1.5,0.019,0.0819999999999999,0.126,0.525,0.104,2,3,29
50,36.0,59,5.2,2.4,1.3,-13.7,0.024,0.106,0.136,0.494,0.102,3,3,29
332,26.0,63,10.9,9.3,2.3,4.4,0.128,0.214,0.168,0.604,0.128,1,3,187
332,27.0,58,7.6,8.9,1.9,-0.1,0.132,0.187,0.118,0.596,0.088,2,3,187
332,28.0,76,6.9,10.0,3.4,8.3,0.159,0.198,0.118,0.56,0.155,3,3,187
430,32.0,66,5.4,2.4,0.7,0.6,0.054,0.092,0.161,0.5539999999999999,0.068,1,3,238
430,33.0,71,9.0,3.8,0.8,-1.1,0.0969999999999999,0.092,0.1689999999999999,0.6609999999999999,0.06,2,3,238
430,34.0,36,7.1,3.5,1.5,-6.4,0.098,0.089,0.182,0.57,0.142,3,3,238
76,21.0,46,6.9,3.6,0.8,0.9,0.046,0.124,0.173,0.491,0.06,1,3,46
76,22.0,52,11.6,5.2,1.9,-8.6,0.046,0.161,0.218,0.541,0.133,2,3,46
76,23.0,58,11.0,4.8,1.3,-7.6,0.049,0.162,0.213,0.541,0.098,3,3,46
57,23.0,18,5.4,1.3,0.6,7.1,0.025,0.075,0.1369999999999999,0.691,0.063,1,3,34
57,24.0,64,5.5,1.4,0.4,-5.6,0.015,0.065,0.111,0.635,0.032,2,3,34
57,25.0,65,10.0,2.9,1.0,-5.9,0.018,0.093,0.1369999999999999,0.602,0.052,3,3,34
326,20.0,61,5.6,4.0,0.7,-3.2,0.025,0.172,0.146,0.497,0.054,1,3,183
326,21.0,55,13.7,7.2,1.8,-13.1,0.027,0.193,0.218,0.491,0.091,2,3,183
326,22.0,69,10.8,6.3,1.4,-11.3,0.034,0.176,0.18,0.515,0.078,3,3,183
463,24.0,28,15.8,3.5,4.1,-2.1,0.01,0.095,0.193,0.589,0.188,1,3,255
463,25.0,63,8.3,2.6,1.7,-0.4,0.013,0.118,0.166,0.608,0.12,2,3,255
463,26.0,70,11.9,3.3,2.1,3.4,0.01,0.1,0.16,0.619,0.111,3,3,255
141,30.0,58,19.9,6.7,6.0,5.2,0.055,0.139,0.246,0.585,0.283,1,3,83
141,31.0,52,21.5,6.9,7.1,5.2,0.0559999999999999,0.153,0.259,0.607,0.345,2,3,83
141,32.0,57,21.4,5.9,5.5,6.1,0.055,0.125,0.26,0.5920000000000001,0.264,3,3,83
114,26.0,67,5.8,4.3,2.4,-3.0,0.042,0.151,0.134,0.534,0.163,1,3,70
114,27.0,69,12.4,5.7,3.6,1.6,0.026,0.173,0.181,0.578,0.182,2,3,70
114,28.0,69,7.6,5.3,2.7,2.0,0.0409999999999999,0.196,0.156,0.506,0.162,3,3,70
452,21.0,13,14.2,7.5,0.8,-12.6,0.0819999999999999,0.201,0.248,0.512,0.05,1,3,249
452,22.0,43,14.1,7.4,1.0,-3.7,0.092,0.188,0.2289999999999999,0.5539999999999999,0.057,2,3,249
452,23.0,48,11.3,7.0,0.8,-5.6,0.084,0.2,0.191,0.551,0.049,3,3,249
147,22.0,9,1.4,0.6,0.8,29.9,0.022,0.098,0.133,0.542,0.1939999999999999,1,3,86
147,23.0,9,2.3,0.8,1.0,-22.0,0.011,0.067,0.111,0.4529999999999999,0.15,2,3,86
147,24.0,25,3.1,0.8,1.3,-17.5,0.011,0.051,0.153,0.4039999999999999,0.175,3,3,86
488,30.0,48,21.5,5.7,3.9,8.7,0.017,0.161,0.292,0.589,0.205,1,3,265
488,31.0,54,23.3,6.6,5.2,11.3,0.026,0.171,0.296,0.598,0.239,2,3,265
488,32.0,31,24.3,6.9,5.7,4.2,0.011,0.171,0.3289999999999999,0.5379999999999999,0.286,3,3,265
218,26.0,55,6.3,1.8,0.7,-4.2,0.016,0.095,0.1639999999999999,0.591,0.068,1,3,123
218,27.0,24,6.7,2.6,0.8,5.0,0.02,0.151,0.183,0.605,0.078,2,3,123
218,28.0,14,2.4,1.9,0.5,-0.9,0.026,0.145,0.139,0.431,0.065,3,3,123
366,25.0,69,3.4,2.1,0.5,-1.5,0.024,0.109,0.094,0.562,0.051,1,3,207
366,26.0,56,4.6,2.6,0.7,-0.2,0.032,0.121,0.114,0.5529999999999999,0.054,2,3,207
366,27.0,30,3.3,2.5,0.3,-16.6,0.057,0.111,0.126,0.4379999999999999,0.033,3,3,207
8,23.0,57,8.2,2.4,3.3,7.6,0.021,0.1,0.1989999999999999,0.5529999999999999,0.265,1,3,3
8,24.0,68,12.6,3.4,3.5,4.9,0.016,0.1169999999999999,0.196,0.618,0.215,2,3,3
8,25.0,79,16.3,3.9,4.8,4.4,0.017,0.105,0.215,0.583,0.237,3,3,3
428,27.0,21,11.0,3.4,1.5,0.6,0.015,0.092,0.1369999999999999,0.625,0.068,1,3,236
428,28.0,55,4.5,1.9,1.0,-6.6,0.023,0.084,0.139,0.452,0.083,2,3,236
428,29.0,52,3.1,1.5,0.7,0.8,0.021,0.081,0.106,0.493,0.074,3,3,236
238,27.0,62,26.1,9.3,3.2,5.0,0.065,0.1969999999999999,0.284,0.61,0.153,1,3,133
238,28.0,36,21.8,7.9,3.1,5.2,0.054,0.198,0.287,0.556,0.154,2,3,133
238,29.0,40,23.2,9.9,3.1,-3.0,0.072,0.196,0.263,0.578,0.147,3,3,133
346,26.0,63,18.0,4.4,4.1,-9.0,0.022,0.107,0.2319999999999999,0.5529999999999999,0.209,1,3,195
346,27.0,69,20.4,4.4,4.2,-2.0,0.019,0.105,0.238,0.575,0.193,2,3,195
346,28.0,73,19.3,4.3,4.5,1.4,0.021,0.1009999999999999,0.2269999999999999,0.5660000000000001,0.1969999999999999,3,3,195
353,24.0,25,2.4,1.5,0.8,4.8,0.0409999999999999,0.165,0.214,0.4539999999999999,0.2,1,3,200
353,25.0,61,4.4,2.5,1.5,-6.4,0.027,0.128,0.13,0.519,0.127,2,3,200
353,26.0,48,6.7,3.2,1.7,-1.1,0.032,0.109,0.125,0.564,0.094,3,3,200
30,23.0,57,20.3,6.4,2.1,6.9,0.031,0.149,0.245,0.583,0.095,1,3,17
30,24.0,58,24.7,6.0,3.4,1.8,0.035,0.136,0.29,0.586,0.162,2,3,17
30,25.0,66,23.6,6.1,3.5,9.8,0.024,0.145,0.298,0.574,0.173,3,3,17
13,29.0,65,10.5,5.9,2.5,-2.9,0.026,0.1689999999999999,0.152,0.5529999999999999,0.1169999999999999,1,3,7
13,30.0,60,10.1,4.7,2.1,6.3,0.02,0.146,0.152,0.574,0.102,2,3,7
13,31.0,67,9.4,5.3,1.9,10.2,0.017,0.16,0.146,0.541,0.08,3,3,7
433,23.0,65,4.7,1.6,1.2,2.4,0.033,0.049,0.108,0.539,0.081,1,3,240
433,24.0,65,3.9,1.9,1.0,4.6,0.023,0.07,0.09,0.508,0.064,2,3,240
433,25.0,66,5.7,2.3,1.1,3.8,0.026,0.064,0.095,0.594,0.063,3,3,240
4,29.0,69,6.6,3.6,0.9,0.1,0.055,0.1369999999999999,0.151,0.565,0.067,1,3,2
4,30.0,41,8.4,4.0,1.5,-3.8,0.042,0.123,0.1369999999999999,0.613,0.087,2,3,2
4,31.0,7,4.1,1.7,0.4,0.9,0.086,0.121,0.206,0.5529999999999999,0.081,3,3,2
67,22.0,23,4.7,3.9,0.8,8.7,0.107,0.2,0.144,0.674,0.095,1,3,41
67,23.0,46,5.1,3.9,1.2,2.1,0.114,0.207,0.187,0.583,0.147,2,3,41
67,24.0,68,8.3,4.9,2.4,7.0,0.0969999999999999,0.158,0.177,0.664,0.193,3,3,41
275,26.0,45,10.0,4.7,7.2,-3.0,0.039,0.126,0.19,0.47,0.347,1,3,153
275,27.0,63,10.1,3.4,3.2,-3.0,0.0409999999999999,0.098,0.2239999999999999,0.478,0.209,2,3,153
275,28.0,50,3.0,1.8,2.0,-2.0,0.035,0.115,0.175,0.397,0.252,3,3,153
224,26.0,57,17.7,15.2,2.7,-5.0,0.129,0.336,0.253,0.5529999999999999,0.133,1,3,127
224,27.0,46,14.9,12.0,2.0,-3.9,0.132,0.336,0.2689999999999999,0.519,0.124,2,3,127
224,28.0,73,7.9,9.3,1.8,2.4,0.155,0.305,0.181,0.574,0.13,3,3,127
468,22.0,55,10.3,2.9,2.1,-10.5,0.021,0.108,0.22,0.53,0.168,1,3,259
468,23.0,42,11.7,2.4,2.1,0.8,0.015,0.096,0.2269999999999999,0.569,0.155,2,3,259
468,24.0,76,13.8,3.4,2.9,0.3,0.017,0.099,0.195,0.597,0.144,3,3,259
416,27.0,33,7.4,1.5,2.5,2.0,0.03,0.066,0.196,0.5479999999999999,0.2339999999999999,1,3,228
416,28.0,62,6.6,0.9,1.3,1.3,0.011,0.047,0.193,0.544,0.129,2,3,228
416,29.0,42,5.1,0.8,1.4,-0.5,0.009,0.064,0.25,0.475,0.2189999999999999,3,3,228
223,23.0,18,3.2,0.9,0.8,-0.5,0.025,0.066,0.174,0.493,0.139,1,3,126
223,24.0,44,3.2,1.0,0.5,-1.2,0.023,0.081,0.145,0.585,0.09,2,3,126
223,25.0,69,9.0,2.9,1.8,-0.9,0.017,0.102,0.154,0.598,0.1119999999999999,3,3,126
21,28.0,46,12.5,4.3,2.1,-0.9,0.019,0.135,0.195,0.547,0.107,1,3,12
21,29.0,36,10.1,3.6,1.5,-0.3,0.032,0.1369999999999999,0.18,0.5870000000000001,0.094,2,3,12
21,30.0,56,7.3,2.8,1.4,0.6,0.026,0.134,0.1889999999999999,0.521,0.124,3,3,12
314,21.0,38,18.2,11.5,1.9,4.0,0.12,0.225,0.231,0.568,0.091,1,3,174
314,22.0,69,14.4,10.5,1.4,6.3,0.1169999999999999,0.236,0.179,0.653,0.066,2,3,174
314,23.0,58,17.2,10.2,1.4,9.6,0.093,0.241,0.217,0.6559999999999999,0.071,3,3,174
458,21.0,10,2.0,1.0,0.5,11.0,0.015,0.141,0.163,0.4479999999999999,0.125,1,3,252
458,22.0,6,7.3,3.0,1.5,-3.3,0.051,0.135,0.191,0.6,0.18,2,3,252
458,23.0,10,4.5,1.2,0.9,-11.9,0.0,0.115,0.195,0.4379999999999999,0.125,3,3,252
265,23.0,22,4.9,3.9,0.7,-11.0,0.099,0.203,0.15,0.682,0.089,1,3,148
265,24.0,54,5.8,4.5,0.8,-4.6,0.09,0.207,0.166,0.618,0.086,2,3,148
265,25.0,71,7.7,5.4,1.2,-12.8,0.0969999999999999,0.1969999999999999,0.171,0.638,0.107,3,3,148
410,29.0,58,5.4,3.3,0.8,-5.7,0.0579999999999999,0.118,0.123,0.5529999999999999,0.061,1,3,224
410,30.0,50,5.5,3.9,1.0,-3.7,0.07,0.185,0.141,0.579,0.084,2,3,224
410,31.0,78,6.6,4.0,1.2,-5.0,0.05,0.1369999999999999,0.139,0.556,0.0819999999999999,3,3,224
378,29.0,27,3.6,1.2,3.4,-6.9,0.024,0.071,0.171,0.4639999999999999,0.391,1,3,210
378,30.0,5,1.6,1.6,3.2,7.8,0.0,0.107,0.178,0.177,0.3329999999999999,2,3,210
378,31.0,12,3.3,1.6,2.8,-17.5,0.024,0.066,0.1369999999999999,0.3979999999999999,0.254,3,3,210
484,31.0,51,7.9,5.2,3.6,10.2,0.04,0.145,0.131,0.56,0.18,1,3,264
484,32.0,37,7.5,3.2,2.1,9.0,0.037,0.108,0.146,0.58,0.123,2,3,264
484,33.0,58,9.2,4.1,4.6,3.7,0.038,0.119,0.158,0.539,0.249,3,3,264
191,27.0,62,6.6,4.5,0.4,5.7,0.121,0.185,0.185,0.5870000000000001,0.049,1,3,111
191,28.0,60,13.6,6.7,1.1,3.8,0.078,0.192,0.2019999999999999,0.634,0.068,2,3,111
191,29.0,80,9.4,6.2,0.3,5.3,0.095,0.183,0.172,0.57,0.022,3,3,111
91,30.0,56,20.4,3.9,4.8,7.1,0.02,0.1,0.268,0.575,0.2319999999999999,1,3,56
91,31.0,43,19.3,4.0,4.9,3.1,0.012,0.113,0.256,0.5589999999999999,0.233,2,3,56
91,32.0,37,11.6,3.0,3.5,-9.1,0.0139999999999999,0.099,0.2019999999999999,0.537,0.22,3,3,56
124,24.0,30,7.6,1.6,4.2,-5.8,0.01,0.079,0.151,0.5870000000000001,0.303,1,3,76
124,25.0,51,5.0,2.1,3.8,-6.3,0.02,0.09,0.133,0.502,0.292,2,3,76
124,26.0,62,3.8,1.5,2.9,2.4,0.023,0.075,0.115,0.535,0.258,3,3,76
512,20.0,48,3.6,2.3,0.5,-3.2,0.048,0.12,0.131,0.505,0.05,1,3,283
512,21.0,48,4.6,2.7,0.5,-2.2,0.046,0.144,0.135,0.589,0.049,2,3,283
512,22.0,42,9.8,5.6,1.3,-0.9,0.052,0.158,0.155,0.575,0.074,3,3,283
448,28.0,47,4.8,2.3,0.9,-2.3,0.027,0.156,0.16,0.569,0.106,1,3,247
448,29.0,35,9.7,3.8,0.8,0.6,0.0279999999999999,0.157,0.1939999999999999,0.599,0.069,2,3,247
448,30.0,43,8.0,3.0,0.5,1.8,0.032,0.166,0.198,0.63,0.06,3,3,247
10,26.0,23,9.1,2.5,0.7,2.0,0.03,0.075,0.165,0.544,0.0409999999999999,1,3,5
10,27.0,45,5.1,1.5,0.6,-5.8,0.019,0.083,0.147,0.5770000000000001,0.067,2,3,5
10,28.0,34,2.4,1.1,0.3,-3.4,0.025,0.123,0.16,0.5,0.055,3,3,5
349,27.0,20,2.8,1.2,0.8,-6.8,0.085,0.081,0.2019999999999999,0.496,0.174,1,3,197
349,28.0,57,2.9,2.2,0.8,2.5,0.093,0.113,0.147,0.523,0.113,2,3,197
349,29.0,48,3.6,2.1,0.5,-10.1,0.083,0.129,0.155,0.5770000000000001,0.071,3,3,197
464,24.0,36,6.0,2.3,0.9,-3.6,0.037,0.118,0.163,0.539,0.0819999999999999,1,3,256
464,25.0,31,3.4,2.2,0.8,5.8,0.0409999999999999,0.144,0.135,0.511,0.095,2,3,256
464,26.0,15,2.0,1.9,0.6,10.4,0.118,0.142,0.1119999999999999,0.506,0.108,3,3,256
286,28.0,51,9.0,9.8,1.6,4.2,0.121,0.249,0.135,0.62,0.087,1,3,158
286,29.0,68,5.4,5.5,0.6,2.6,0.13,0.2269999999999999,0.125,0.6629999999999999,0.059,2,3,158
286,30.0,39,5.3,4.7,0.6,-11.0,0.079,0.178,0.131,0.534,0.061,3,3,158
205,25.0,66,10.1,5.1,1.5,-7.9,0.053,0.18,0.207,0.53,0.1119999999999999,1,3,118
205,26.0,66,11.4,7.1,1.1,5.1,0.085,0.2289999999999999,0.2019999999999999,0.598,0.075,2,3,118
205,27.0,72,14.6,9.1,1.2,6.3,0.085,0.218,0.207,0.5710000000000001,0.061,3,3,118
52,22.0,72,9.8,2.3,1.1,2.7,0.011,0.093,0.177,0.579,0.073,1,3,31
52,23.0,55,9.1,2.1,1.5,6.0,0.015,0.09,0.195,0.544,0.111,2,3,31
52,24.0,67,7.6,2.6,1.9,0.8,0.015,0.104,0.17,0.502,0.129,3,3,31
232,29.0,49,8.6,2.3,1.3,7.4,0.015,0.077,0.153,0.537,0.07,1,3,132
232,30.0,27,6.4,2.1,1.7,-10.2,0.013,0.078,0.146,0.487,0.108,2,3,132
232,31.0,62,6.4,2.2,0.8,-5.8,0.021,0.073,0.119,0.55,0.046,3,3,132
437,27.0,62,5.8,3.9,1.1,1.2,0.038,0.1169999999999999,0.105,0.5720000000000001,0.062,1,3,241
437,28.0,37,5.2,2.4,1.2,-2.9,0.017,0.0969999999999999,0.114,0.527,0.071,2,3,241
437,29.0,47,4.6,2.4,0.5,-4.2,0.0139999999999999,0.114,0.1119999999999999,0.561,0.035,3,3,241
58,30.0,52,17.5,6.7,4.1,8.5,0.031,0.159,0.206,0.595,0.178,1,3,35
58,31.0,44,19.6,5.9,4.1,0.7,0.024,0.143,0.235,0.584,0.1889999999999999,2,3,35
58,32.0,49,15.9,4.6,3.6,-0.4,0.022,0.114,0.2019999999999999,0.57,0.16,3,3,35
209,27.0,40,4.6,2.8,0.4,-7.4,0.061,0.131,0.147,0.493,0.032,1,3,119
209,28.0,39,3.1,1.4,0.2,0.7,0.076,0.113,0.1639999999999999,0.604,0.036,2,3,119
209,29.0,17,3.5,1.9,0.3,-12.9,0.059,0.115,0.148,0.457,0.034,3,3,119
407,28.0,65,9.9,3.9,5.4,-1.5,0.04,0.1009999999999999,0.165,0.5329999999999999,0.2689999999999999,1,3,221
407,29.0,58,7.7,2.4,4.7,-0.8,0.024,0.087,0.15,0.614,0.278,2,3,221
407,30.0,55,3.6,2.3,3.3,-8.0,0.0289999999999999,0.11,0.124,0.461,0.285,3,3,221
426,24.0,65,7.4,1.6,4.4,-2.3,0.0069999999999999,0.071,0.165,0.532,0.314,1,3,234
426,25.0,70,6.3,2.0,3.7,-2.8,0.016,0.093,0.165,0.511,0.305,2,3,234
426,26.0,73,8.7,2.4,4.4,7.6,0.01,0.0969999999999999,0.1639999999999999,0.544,0.285,3,3,234
408,22.0,58,4.9,4.6,0.4,0.1,0.158,0.226,0.147,0.6809999999999999,0.051,1,3,222
408,23.0,42,7.1,5.7,0.9,-1.8,0.121,0.2239999999999999,0.154,0.6779999999999999,0.077,2,3,222
408,24.0,55,3.0,3.4,0.5,5.2,0.123,0.196,0.128,0.6,0.065,3,3,222
510,27.0,14,11.9,3.4,1.8,3.2,0.036,0.108,0.201,0.55,0.113,1,3,281
510,28.0,28,9.7,5.4,2.0,-3.0,0.044,0.198,0.184,0.552,0.133,2,3,281
510,29.0,63,8.2,5.7,1.5,6.8,0.06,0.1889999999999999,0.145,0.581,0.0969999999999999,3,3,281
268,23.0,60,14.0,4.6,2.1,-10.6,0.047,0.1159999999999999,0.207,0.5710000000000001,0.126,1,3,150
268,24.0,40,9.5,3.2,1.3,-6.8,0.038,0.138,0.2339999999999999,0.561,0.125,2,3,150
268,25.0,58,5.8,1.8,0.6,-2.3,0.042,0.1,0.174,0.612,0.074,3,3,150
385,25.0,52,5.8,2.5,1.2,-0.5,0.023,0.109,0.134,0.544,0.089,1,3,215
385,26.0,41,2.4,2.2,0.4,-6.6,0.025,0.13,0.103,0.428,0.045,2,3,215
385,27.0,3,7.3,4.3,0.0,-1.4,0.036,0.143,0.111,0.557,0.0,3,3,215
118,26.0,51,7.3,3.6,3.4,-0.1,0.017,0.132,0.145,0.51,0.198,1,3,72
118,27.0,4,1.3,1.5,0.5,-31.4,0.0,0.125,0.157,0.182,0.08,2,3,72
118,28.0,14,7.6,3.5,5.6,-12.0,0.027,0.12,0.176,0.482,0.3389999999999999,3,3,72
427,24.0,63,6.4,5.7,1.1,-2.4,0.0559999999999999,0.228,0.136,0.557,0.072,1,3,235
427,25.0,23,5.0,3.7,0.6,-14.5,0.022,0.213,0.128,0.574,0.06,2,3,235
427,26.0,75,10.5,5.1,1.2,-7.2,0.0559999999999999,0.1889999999999999,0.205,0.588,0.09,3,3,235
95,24.0,31,6.4,3.1,0.7,-1.7,0.021,0.154,0.171,0.506,0.071,1,3,58
95,25.0,35,4.5,2.2,0.5,15.6,0.052,0.159,0.1989999999999999,0.551,0.071,2,3,58
95,26.0,30,5.7,1.8,0.7,-6.2,0.035,0.086,0.18,0.484,0.072,3,3,58
293,26.0,48,6.7,1.9,1.2,-5.3,0.011,0.091,0.158,0.527,0.105,1,3,160
293,27.0,46,6.7,2.0,2.0,-12.5,0.005,0.095,0.162,0.499,0.161,2,3,160
293,28.0,2,2.0,1.0,0.5,-0.8,0.0,0.111,0.089,0.5,0.071,3,3,160
300,24.0,45,23.1,3.9,6.3,-8.1,0.011,0.107,0.305,0.556,0.327,1,3,166
300,25.0,42,19.0,2.6,5.8,-7.0,0.012,0.077,0.283,0.555,0.3229999999999999,2,3,166
300,26.0,65,18.1,3.3,7.1,4.7,0.011,0.089,0.246,0.544,0.32,3,3,166
322,22.0,51,21.1,3.8,6.8,-4.0,0.021,0.099,0.29,0.5579999999999999,0.336,1,3,180
322,23.0,58,25.2,3.5,7.2,-4.5,0.016,0.085,0.304,0.565,0.326,2,3,180
322,24.0,59,23.2,3.9,5.6,-4.4,0.012,0.096,0.284,0.5489999999999999,0.254,3,3,180
333,23.0,56,9.0,1.9,1.9,-0.6,0.013,0.071,0.165,0.578,0.12,1,3,188
333,24.0,66,8.5,2.5,1.7,-8.2,0.017,0.104,0.19,0.529,0.127,2,3,188
333,25.0,56,4.6,1.6,0.8,-5.9,0.024,0.1009999999999999,0.161,0.509,0.094,3,3,188
31,20.0,64,7.4,4.0,0.9,-1.8,0.085,0.14,0.146,0.6890000000000001,0.074,1,3,18
31,21.0,60,7.5,4.3,0.6,-0.9,0.087,0.161,0.156,0.675,0.057,2,3,18
31,22.0,70,9.3,4.5,0.6,0.5,0.08,0.146,0.159,0.68,0.047,3,3,18
192,23.0,18,3.2,1.8,0.6,-6.7,0.103,0.186,0.218,0.608,0.1639999999999999,1,3,112
192,24.0,36,6.3,3.1,0.8,-7.8,0.064,0.175,0.1939999999999999,0.5710000000000001,0.08,2,3,112
192,25.0,60,8.9,5.6,1.0,-5.7,0.027,0.2269999999999999,0.184,0.546,0.071,3,3,112
502,29.0,70,12.4,6.6,1.3,0.9,0.027,0.18,0.1689999999999999,0.5589999999999999,0.059,1,3,275
502,30.0,70,8.5,6.7,1.7,4.8,0.026,0.183,0.114,0.5529999999999999,0.066,2,3,275
502,31.0,71,8.5,5.5,1.3,0.6,0.03,0.1669999999999999,0.134,0.5720000000000001,0.066,3,3,275
89,24.0,20,3.4,3.3,1.0,-18.3,0.098,0.151,0.147,0.4029999999999999,0.12,1,3,54
89,25.0,61,4.1,5.3,2.0,6.0,0.098,0.165,0.092,0.575,0.132,2,3,54
89,26.0,82,6.0,7.3,2.0,6.0,0.12,0.21,0.12,0.586,0.127,3,3,54
492,23.0,11,1.1,0.6,1.0,-13.7,0.011,0.074,0.107,0.336,0.183,1,3,269
492,24.0,20,2.3,0.6,0.4,-22.6,0.024,0.07,0.18,0.547,0.107,2,3,269
492,25.0,11,2.7,1.3,0.5,-8.6,0.0289999999999999,0.182,0.15,0.647,0.102,3,3,269
319,31.0,56,8.3,10.0,1.9,-1.8,0.105,0.293,0.136,0.682,0.132,1,3,178
319,32.0,57,7.5,7.5,1.6,-1.9,0.0969999999999999,0.231,0.128,0.736,0.099,2,3,178
319,33.0,48,4.3,5.5,0.4,-10.8,0.127,0.262,0.132,0.6409999999999999,0.051,3,3,178
500,25.0,73,9.0,1.9,3.5,0.8,0.0139999999999999,0.067,0.168,0.545,0.2189999999999999,1,3,274
500,26.0,47,10.2,2.0,3.2,6.2,0.009,0.071,0.161,0.574,0.172,2,3,274
500,27.0,75,12.6,3.0,4.4,6.0,0.013,0.087,0.173,0.583,0.201,3,3,274
151,31.0,73,8.3,3.3,1.3,1.3,0.017,0.104,0.13,0.585,0.068,1,3,87
151,32.0,72,10.5,3.6,1.7,-0.6,0.0139999999999999,0.098,0.138,0.5710000000000001,0.07,2,3,87
151,33.0,74,10.1,2.6,1.7,-5.1,0.0139999999999999,0.08,0.156,0.5429999999999999,0.086,3,3,87
280,28.0,40,9.4,5.7,1.5,8.9,0.071,0.132,0.126,0.677,0.076,1,3,155
280,29.0,58,5.9,4.0,1.1,4.0,0.086,0.158,0.129,0.688,0.09,2,3,155
280,30.0,82,8.7,4.9,1.2,2.5,0.099,0.134,0.136,0.725,0.081,3,3,155
361,31.0,57,27.2,7.9,7.0,3.1,0.044,0.157,0.33,0.536,0.34,1,3,205
361,32.0,65,22.2,11.5,11.7,-1.2,0.043,0.249,0.295,0.509,0.477,2,3,205
361,33.0,78,18.5,7.4,7.1,-4.0,0.039,0.165,0.264,0.512,0.311,3,3,205
104,28.0,66,10.3,2.3,1.5,-4.4,0.019,0.068,0.149,0.584,0.089,1,3,64
104,29.0,40,4.8,1.1,0.7,3.2,0.017,0.08,0.163,0.605,0.08,2,3,64
104,30.0,7,2.0,2.6,1.7,-6.6,0.023,0.106,0.118,0.2689999999999999,0.156,3,3,64
87,27.0,69,9.3,2.1,1.6,3.5,0.021,0.0559999999999999,0.142,0.584,0.085,1,3,52
87,28.0,67,9.7,2.7,1.9,3.3,0.015,0.081,0.139,0.588,0.091,2,3,52
87,29.0,77,13.2,3.4,1.9,-4.7,0.018,0.093,0.185,0.568,0.09,3,3,52
240,21.0,70,8.3,2.2,1.4,-7.6,0.015,0.08,0.18,0.502,0.098,1,3,134
240,22.0,64,7.8,2.2,1.4,0.8,0.012,0.109,0.18,0.589,0.1169999999999999,2,3,134
240,23.0,57,17.3,2.6,3.9,-2.5,0.015,0.075,0.244,0.583,0.2189999999999999,3,3,134
170,21.0,56,4.3,3.5,0.9,-5.6,0.085,0.179,0.147,0.542,0.1009999999999999,1,3,101
170,22.0,33,1.5,2.4,0.3,-6.0,0.066,0.256,0.133,0.475,0.069,2,3,101
170,23.0,30,2.9,1.8,0.2,-10.1,0.102,0.223,0.1969999999999999,0.6709999999999999,0.0819999999999999,3,3,101
190,24.0,28,5.1,1.9,3.0,9.3,0.02,0.102,0.175,0.499,0.295,1,3,110
190,25.0,22,4.0,1.1,3.0,3.0,0.012,0.088,0.2,0.461,0.382,2,3,110
190,26.0,34,2.0,1.1,1.9,-7.9,0.023,0.073,0.132,0.407,0.264,3,3,110
445,22.0,55,9.3,4.7,0.8,0.7,0.07,0.214,0.211,0.617,0.074,1,3,244
445,23.0,61,19.0,7.3,1.1,8.3,0.051,0.1889999999999999,0.214,0.6629999999999999,0.052,2,3,244
445,24.0,9,9.9,6.6,1.9,9.8,0.035,0.172,0.192,0.416,0.085,3,3,244
65,31.0,40,12.2,1.7,3.7,-10.4,0.011,0.063,0.236,0.531,0.2239999999999999,1,3,39
65,32.0,3,7.7,1.3,1.7,6.7,0.019,0.052,0.2739999999999999,0.412,0.1669999999999999,2,3,39
65,33.0,22,8.4,1.3,1.5,-1.3,0.012,0.071,0.245,0.516,0.155,3,3,39
504,35.0,72,6.9,6.6,1.6,3.0,0.042,0.1369999999999999,0.087,0.5589999999999999,0.061,1,3,277
504,36.0,52,3.7,3.9,1.2,-5.5,0.035,0.113,0.072,0.51,0.057,2,3,277
504,37.0,71,7.6,5.5,2.1,6.2,0.052,0.146,0.1159999999999999,0.593,0.107,3,3,277
96,24.0,44,6.5,2.9,0.7,-10.6,0.03,0.131,0.156,0.539,0.064,1,3,59
96,25.0,30,2.6,1.6,0.4,-7.7,0.037,0.154,0.144,0.518,0.075,2,3,59
96,26.0,59,5.7,3.9,0.7,0.8,0.061,0.163,0.144,0.578,0.059,3,3,59
358,33.0,67,10.8,5.4,1.7,0.2,0.04,0.1939999999999999,0.211,0.5529999999999999,0.1159999999999999,1,3,202
358,34.0,63,11.4,4.8,1.4,4.5,0.0279999999999999,0.176,0.23,0.532,0.1,2,3,202
358,35.0,55,8.1,4.4,1.0,8.7,0.05,0.166,0.185,0.539,0.078,3,3,202
75,28.0,72,14.5,4.9,2.2,-2.5,0.03,0.111,0.172,0.574,0.092,1,3,45
75,29.0,58,16.1,6.6,3.5,-1.8,0.031,0.152,0.1689999999999999,0.626,0.128,2,3,45
75,30.0,77,16.4,5.6,2.4,-6.7,0.031,0.135,0.184,0.623,0.103,3,3,45
155,27.0,13,5.3,4.0,2.0,-12.0,0.031,0.163,0.125,0.529,0.144,1,3,90
155,28.0,53,5.7,4.4,2.8,3.8,0.026,0.172,0.108,0.6759999999999999,0.181,2,3,90
155,29.0,73,4.1,2.4,1.7,2.9,0.03,0.143,0.144,0.561,0.18,3,3,90
389,26.0,54,7.2,5.8,1.3,-5.5,0.072,0.2019999999999999,0.144,0.589,0.098,1,3,217
389,27.0,53,5.3,4.5,0.7,9.4,0.073,0.175,0.12,0.647,0.053,2,3,217
389,28.0,20,1.7,2.0,0.5,7.2,0.064,0.144,0.099,0.474,0.074,3,3,217
3,30.0,68,34.3,6.6,7.5,5.8,0.026,0.139,0.356,0.626,0.366,1,3,1
3,31.0,44,24.6,7.9,10.8,2.9,0.023,0.191,0.283,0.618,0.442,2,3,1
3,32.0,65,22.0,7.7,10.3,3.5,0.024,0.176,0.266,0.583,0.401,3,3,1
284,31.0,50,18.1,2.4,5.6,-3.4,0.021,0.071,0.303,0.555,0.373,1,3,157
284,32.0,50,14.7,2.6,4.2,4.9,0.015,0.081,0.252,0.55,0.276,2,3,157
284,33.0,26,12.0,3.0,4.0,5.8,0.032,0.08,0.217,0.541,0.266,3,3,157
17,22.0,3,0.7,0.0,0.0,-61.1,0.0,0.0,0.222,0.25,0.0,1,3,9
17,23.0,8,0.4,0.3,0.1,-16.4,0.0,0.091,0.2,0.26,0.125,2,3,9
17,24.0,5,7.4,0.4,2.8,9.8,0.047,0.0,0.287,0.6659999999999999,0.5379999999999999,3,3,9
409,28.0,59,8.0,1.9,2.2,-5.5,0.005,0.064,0.11,0.598,0.11,1,3,223
409,29.0,47,5.3,2.4,1.3,2.2,0.019,0.09,0.084,0.708,0.08,2,3,223
409,30.0,53,3.5,1.9,0.5,-7.8,0.018,0.107,0.099,0.541,0.047,3,3,223
384,23.0,30,2.1,1.7,0.3,-7.2,0.08,0.148,0.124,0.546,0.046,1,3,214
384,24.0,21,3.4,2.6,0.5,0.8,0.069,0.135,0.135,0.5329999999999999,0.063,2,3,214
384,25.0,26,5.4,3.7,0.5,6.7,0.105,0.151,0.165,0.5489999999999999,0.053,3,3,214
342,23.0,41,2.4,1.3,1.3,0.1,0.026,0.1119999999999999,0.123,0.545,0.209,1,3,192
342,24.0,67,7.0,3.6,1.6,2.7,0.044,0.14,0.144,0.603,0.114,2,3,192
342,25.0,81,10.8,5.2,2.6,1.5,0.044,0.127,0.157,0.5720000000000001,0.131,3,3,192
83,31.0,56,17.6,9.8,3.2,-8.0,0.03,0.286,0.225,0.599,0.15,1,3,50
83,32.0,25,12.2,7.4,2.5,-6.5,0.026,0.272,0.211,0.556,0.153,2,3,50
83,33.0,74,13.6,7.2,2.2,1.5,0.051,0.258,0.239,0.594,0.153,3,3,50
320,22.0,60,7.6,3.7,2.9,5.1,0.035,0.1369999999999999,0.185,0.501,0.196,1,3,179
320,23.0,52,9.1,3.1,2.5,6.0,0.026,0.118,0.1889999999999999,0.568,0.172,2,3,179
320,24.0,73,10.8,4.5,2.7,5.6,0.034,0.15,0.205,0.529,0.157,3,3,179
119,24.0,35,26.5,10.8,4.4,-1.5,0.075,0.24,0.278,0.642,0.21,1,3,73
119,25.0,50,24.8,10.6,4.5,-0.1,0.075,0.237,0.286,0.612,0.216,2,3,73
119,26.0,74,24.6,9.8,3.6,5.3,0.074,0.21,0.272,0.64,0.177,3,3,73
323,27.0,54,15.4,4.5,1.7,-0.3,0.021,0.13,0.183,0.628,0.081,1,3,181
323,28.0,57,11.5,2.9,0.9,2.1,0.011,0.095,0.148,0.62,0.043,2,3,181
323,29.0,56,5.6,2.1,0.6,1.0,0.0139999999999999,0.127,0.165,0.531,0.054,3,3,181
19,21.0,11,1.1,0.8,0.2,-23.4,0.065,0.143,0.133,0.6759999999999999,0.057,1,3,11
19,22.0,64,5.4,5.8,1.2,-1.1,0.096,0.211,0.118,0.612,0.091,2,3,11
19,23.0,74,6.9,8.4,1.3,5.0,0.107,0.212,0.108,0.612,0.066,3,3,11
14,32.0,68,6.6,5.7,0.5,5.8,0.111,0.218,0.145,0.652,0.044,1,3,8
14,33.0,46,7.3,5.2,0.8,-6.1,0.105,0.231,0.228,0.541,0.098,2,3,8
14,34.0,74,9.2,6.7,0.6,5.8,0.134,0.266,0.214,0.6509999999999999,0.055,3,3,8
93,29.0,67,8.2,4.6,1.7,1.5,0.034,0.191,0.165,0.621,0.131,1,3,57
93,30.0,70,13.5,7.0,2.9,-2.5,0.043,0.196,0.19,0.61,0.151,2,3,57
93,31.0,40,9.1,4.4,2.8,-4.9,0.067,0.17,0.207,0.561,0.214,3,3,57
107,34.0,53,18.9,7.4,2.4,-3.2,0.0579999999999999,0.162,0.236,0.5710000000000001,0.1169999999999999,1,3,66
107,35.0,26,13.5,4.5,1.9,-2.8,0.027,0.148,0.2239999999999999,0.556,0.109,2,3,66
107,36.0,47,12.9,5.5,0.9,0.1,0.071,0.16,0.2189999999999999,0.604,0.062,3,3,66
352,22.0,46,13.2,7.2,1.8,-6.6,0.081,0.198,0.185,0.649,0.107,1,3,199
352,23.0,10,14.3,6.1,1.5,-2.1,0.063,0.163,0.163,0.7040000000000001,0.079,2,3,199
352,24.0,27,7.4,4.0,0.9,-9.1,0.06,0.187,0.188,0.607,0.083,3,3,199
339,19.0,6,5.7,1.2,1.0,-9.5,0.022,0.0559999999999999,0.18,0.535,0.107,1,3,191
339,20.0,65,9.0,2.6,2.8,1.0,0.019,0.104,0.21,0.536,0.209,2,3,191
339,21.0,60,10.0,3.2,2.7,-2.2,0.024,0.1,0.1889999999999999,0.503,0.153,3,3,191
183,24.0,57,8.8,3.3,1.2,1.0,0.037,0.109,0.151,0.586,0.078,1,3,107
183,25.0,60,9.6,3.3,1.4,5.7,0.023,0.118,0.1639999999999999,0.563,0.083,2,3,107
183,26.0,66,12.5,4.1,1.5,6.2,0.023,0.123,0.1669999999999999,0.625,0.079,3,3,107
230,27.0,71,10.1,2.2,0.8,5.0,0.012,0.079,0.157,0.622,0.05,1,3,131
230,28.0,53,7.7,1.9,0.7,-4.2,0.015,0.091,0.192,0.523,0.064,2,3,131
230,29.0,64,10.2,1.6,0.9,-13.1,0.009,0.072,0.207,0.5670000000000001,0.077,3,3,131
354,29.0,59,5.5,2.8,1.8,-2.1,0.026,0.118,0.135,0.535,0.124,1,3,201
354,30.0,71,4.5,3.0,1.1,1.0,0.0279999999999999,0.111,0.102,0.498,0.065,2,3,201
354,31.0,13,0.6,1.8,0.9,14.3,0.043,0.115,0.064,0.2,0.1169999999999999,3,3,201
465,27.0,54,16.5,4.9,7.1,2.3,0.0279999999999999,0.124,0.249,0.541,0.35,1,3,257
465,28.0,56,21.2,5.3,5.9,-0.5,0.0289999999999999,0.118,0.257,0.561,0.271,2,3,257
465,29.0,36,19.1,5.1,5.9,-0.4,0.026,0.121,0.241,0.557,0.271,3,3,257
27,22.0,66,23.4,7.0,3.0,10.6,0.027,0.165,0.28,0.5670000000000001,0.143,1,3,14
27,23.0,64,26.4,7.4,4.3,3.0,0.021,0.188,0.298,0.5760000000000001,0.196,2,3,14
27,24.0,76,26.9,8.0,4.4,12.1,0.032,0.18,0.313,0.578,0.204,3,3,14
113,22.0,3,1.3,0.3,0.3,-45.8,0.0,0.091,0.2,0.4,0.125,1,3,69
113,23.0,31,2.8,1.1,1.0,-4.2,0.019,0.128,0.185,0.449,0.184,2,3,69
113,24.0,19,3.9,0.9,0.9,-13.6,0.02,0.069,0.182,0.526,0.149,3,3,69
227,31.0,18,15.5,4.7,3.3,-2.6,0.032,0.128,0.2769999999999999,0.476,0.184,1,3,129
227,32.0,46,11.0,4.9,3.0,2.1,0.0289999999999999,0.159,0.191,0.546,0.171,2,3,129
227,33.0,56,6.4,4.1,1.9,-4.7,0.061,0.1689999999999999,0.1669999999999999,0.518,0.157,3,3,129
303,28.0,72,6.4,2.6,3.5,-0.3,0.024,0.0819999999999999,0.127,0.517,0.1989999999999999,1,3,167
303,29.0,63,8.2,2.5,3.4,-5.5,0.024,0.085,0.159,0.556,0.204,2,3,167
303,30.0,65,8.0,2.7,3.6,-6.4,0.017,0.092,0.141,0.579,0.22,3,3,167
162,22.0,59,6.3,1.4,1.0,-3.4,0.025,0.07,0.203,0.51,0.107,1,3,95
162,23.0,40,9.8,2.2,0.9,-1.0,0.021,0.092,0.207,0.598,0.079,2,3,95
162,24.0,53,10.6,1.6,1.0,-6.8,0.015,0.0579999999999999,0.203,0.53,0.077,3,3,95
308,20.0,59,12.3,1.9,3.9,-8.7,0.0139999999999999,0.046,0.201,0.498,0.182,1,3,169
308,21.0,54,17.4,2.4,6.1,-6.6,0.013,0.062,0.245,0.547,0.298,2,3,169
308,22.0,68,21.7,3.3,8.6,6.6,0.017,0.074,0.272,0.5760000000000001,0.3779999999999999,3,3,169
251,23.0,69,24.0,4.4,4.3,2.6,0.023,0.1009999999999999,0.303,0.5579999999999999,0.214,1,3,140
251,24.0,53,26.4,4.4,5.2,7.9,0.0279999999999999,0.095,0.327,0.569,0.266,2,3,140
251,25.0,67,25.9,4.2,5.3,5.9,0.024,0.096,0.322,0.5720000000000001,0.267,3,3,140
310,22.0,34,5.5,2.3,2.9,-17.1,0.034,0.102,0.223,0.3989999999999999,0.297,1,3,171
310,23.0,23,6.7,2.4,3.3,-2.2,0.0289999999999999,0.099,0.191,0.492,0.276,2,3,171
310,24.0,37,5.6,2.4,3.6,-9.8,0.0289999999999999,0.107,0.173,0.474,0.311,3,3,171
66,22.0,3,0.0,0.7,0.0,-11.5,0.0,0.1669999999999999,0.071,0.0,0.0,1,3,40
66,23.0,61,8.7,5.6,1.8,-14.1,0.057,0.1689999999999999,0.171,0.555,0.118,2,3,40
66,24.0,45,10.1,4.8,1.6,-8.8,0.074,0.145,0.185,0.607,0.1169999999999999,3,3,40
480,26.0,63,18.6,7.1,1.7,6.5,0.089,0.141,0.245,0.607,0.102,1,3,262
480,27.0,69,13.5,6.2,1.1,1.4,0.1,0.1669999999999999,0.211,0.65,0.078,2,3,262
480,28.0,71,13.1,6.1,2.0,3.0,0.092,0.163,0.198,0.68,0.139,3,3,262
345,29.0,69,14.7,3.2,1.2,-2.5,0.006,0.108,0.216,0.5479999999999999,0.072,1,3,194
345,30.0,46,15.6,3.4,2.3,-8.8,0.01,0.104,0.23,0.53,0.133,2,3,194
345,31.0,63,10.0,2.6,1.8,-11.9,0.013,0.094,0.196,0.515,0.127,3,3,194
261,25.0,68,11.3,3.3,3.5,1.0,0.02,0.105,0.183,0.593,0.203,1,3,145
261,26.0,36,15.4,3.0,3.5,5.1,0.012,0.086,0.223,0.55,0.168,2,3,145
261,27.0,75,13.2,3.5,4.9,4.9,0.017,0.094,0.196,0.5489999999999999,0.231,3,3,145
264,30.0,43,8.0,6.2,6.2,-7.2,0.018,0.192,0.156,0.489,0.31,1,3,147
264,31.0,63,7.0,7.1,8.9,5.4,0.0279999999999999,0.184,0.128,0.53,0.345,2,3,147
264,32.0,46,7.5,7.3,7.0,7.2,0.034,0.204,0.14,0.5820000000000001,0.325,3,3,147
379,28.0,71,15.8,3.3,1.9,5.9,0.011,0.09,0.204,0.581,0.096,1,3,211
379,29.0,70,16.6,3.3,1.8,2.1,0.01,0.1009999999999999,0.23,0.589,0.098,2,3,211
379,30.0,42,14.2,3.7,2.2,1.3,0.01,0.114,0.214,0.52,0.115,3,3,211
483,27.0,67,5.4,4.2,1.6,3.5,0.044,0.151,0.118,0.565,0.115,1,3,263
483,28.0,69,6.8,4.8,1.2,6.9,0.039,0.152,0.113,0.578,0.064,2,3,263
483,29.0,65,9.9,4.2,1.3,-0.7,0.025,0.13,0.1369999999999999,0.62,0.067,3,3,263
215,34.0,67,11.9,6.8,4.0,3.3,0.051,0.171,0.173,0.536,0.187,1,3,122
215,35.0,28,14.2,6.7,3.4,-6.9,0.034,0.195,0.221,0.5379999999999999,0.206,2,3,122
215,36.0,69,10.2,7.7,3.4,9.3,0.054,0.201,0.147,0.574,0.159,3,3,122
270,31.0,36,14.4,2.0,1.5,0.4,0.008,0.0559999999999999,0.215,0.51,0.08,1,3,151
270,32.0,27,17.8,2.1,2.6,-3.3,0.009,0.062,0.246,0.5770000000000001,0.147,2,3,151
270,33.0,57,13.4,2.0,2.7,-5.1,0.009,0.0559999999999999,0.182,0.614,0.1369999999999999,3,3,151
68,20.0,66,5.0,3.4,1.2,-0.4,0.052,0.121,0.106,0.608,0.081,1,3,42
68,21.0,40,2.0,1.7,0.6,-3.3,0.042,0.1,0.1009999999999999,0.461,0.072,2,3,42
68,22.0,15,0.8,0.5,0.3,-22.6,0.043,0.038,0.108,0.363,0.089,3,3,42
161,25.0,65,10.1,6.5,1.7,-3.1,0.032,0.195,0.15,0.563,0.084,1,3,94
161,26.0,47,9.2,8.0,2.3,-0.2,0.039,0.2339999999999999,0.133,0.5660000000000001,0.109,2,3,94
161,27.0,54,14.9,7.2,4.1,-4.9,0.033,0.183,0.184,0.61,0.19,3,3,94
18,33.0,48,9.4,2.8,1.0,-3.8,0.024,0.108,0.188,0.59,0.0819999999999999,1,3,10
18,34.0,68,11.0,3.9,1.6,3.3,0.019,0.1159999999999999,0.154,0.624,0.08,2,3,10
18,35.0,75,10.3,3.1,1.3,1.8,0.024,0.1,0.16,0.627,0.071,3,3,10
210,27.0,55,8.0,5.8,0.9,-5.4,0.094,0.2019999999999999,0.176,0.6,0.083,1,3,120
210,28.0,64,6.6,4.1,0.8,-4.0,0.077,0.174,0.161,0.643,0.069,2,3,120
210,29.0,39,6.0,4.1,1.2,-5.5,0.076,0.168,0.165,0.5770000000000001,0.104,3,3,120
338,35.0,62,6.1,4.3,0.8,-12.5,0.098,0.158,0.145,0.61,0.077,1,3,190
338,36.0,45,5.4,5.6,0.8,7.3,0.102,0.151,0.095,0.6609999999999999,0.054,2,3,190
338,37.0,52,4.4,4.4,0.6,3.3,0.088,0.139,0.099,0.606,0.05,3,3,190
153,25.0,64,19.5,9.7,3.1,-5.9,0.067,0.223,0.271,0.5379999999999999,0.158,1,3,88
153,26.0,71,24.1,10.2,6.0,3.0,0.031,0.2269999999999999,0.285,0.5670000000000001,0.2689999999999999,2,3,88
153,27.0,72,20.1,9.9,5.1,-3.6,0.045,0.225,0.2789999999999999,0.509,0.251,3,3,88
368,29.0,64,12.4,2.3,1.9,3.4,0.016,0.07,0.176,0.643,0.1169999999999999,1,3,208
368,30.0,57,12.5,2.4,2.7,8.2,0.006,0.074,0.1689999999999999,0.607,0.131,2,3,208
368,31.0,64,15.0,3.1,3.6,4.5,0.01,0.0819999999999999,0.182,0.615,0.162,3,3,208
11,30.0,63,6.8,6.2,0.8,5.0,0.055,0.209,0.132,0.5760000000000001,0.051,1,3,6
11,31.0,58,8.1,4.8,0.9,4.1,0.072,0.177,0.172,0.59,0.07,2,3,6
11,32.0,67,6.4,4.2,0.9,-3.5,0.073,0.187,0.168,0.5870000000000001,0.084,3,3,6
363,26.0,58,4.5,1.9,1.7,-4.0,0.019,0.098,0.121,0.551,0.143,1,3,206
363,27.0,44,3.1,1.5,1.3,0.0,0.011,0.135,0.128,0.541,0.176,2,3,206
363,28.0,10,1.6,0.8,0.4,-8.2,0.0,0.105,0.085,0.667,0.091,3,3,206
503,20.0,56,14.3,5.0,2.6,-9.1,0.027,0.134,0.2339999999999999,0.479,0.127,1,3,276
503,21.0,72,17.6,5.8,3.0,2.7,0.027,0.13,0.228,0.535,0.134,2,3,276
503,22.0,70,20.0,5.8,3.0,-3.3,0.025,0.136,0.268,0.511,0.146,3,3,276
103,27.0,39,9.7,4.5,1.9,-1.0,0.043,0.179,0.204,0.545,0.144,1,3,63
103,28.0,47,6.6,4.0,1.7,4.6,0.051,0.208,0.185,0.547,0.154,2,3,63
103,29.0,9,10.6,4.6,1.4,9.6,0.06,0.144,0.185,0.635,0.105,3,3,63
467,23.0,55,11.2,2.7,1.4,-1.9,0.0139999999999999,0.107,0.208,0.546,0.093,1,3,258
467,24.0,37,19.6,4.4,2.4,-7.2,0.021,0.1119999999999999,0.235,0.57,0.114,2,3,258
467,25.0,79,12.1,2.9,1.5,2.0,0.012,0.1,0.1889999999999999,0.544,0.085,3,3,258
37,20.0,57,17.4,4.6,1.4,-2.6,0.033,0.12,0.238,0.593,0.073,1,3,20
37,21.0,11,14.4,5.6,1.1,-10.5,0.06,0.1639999999999999,0.252,0.551,0.074,2,3,20
37,22.0,78,16.3,5.8,1.1,7.9,0.05,0.145,0.248,0.535,0.0579999999999999,3,3,20
317,30.0,68,22.1,5.5,5.6,-1.8,0.019,0.139,0.262,0.603,0.261,1,3,176
317,31.0,61,21.6,4.2,6.9,-2.5,0.019,0.106,0.255,0.591,0.309,2,3,176
317,32.0,76,27.9,5.2,4.9,1.1,0.021,0.122,0.308,0.59,0.228,3,3,176
329,22.0,63,11.8,6.1,7.0,-0.7,0.032,0.142,0.181,0.517,0.292,1,3,185
329,23.0,55,14.6,4.8,5.7,0.5,0.018,0.129,0.2019999999999999,0.551,0.246,2,3,185
329,24.0,35,13.0,5.4,5.1,3.1,0.0289999999999999,0.125,0.17,0.575,0.203,3,3,185
56,21.0,57,6.3,2.1,3.0,-3.9,0.018,0.0819999999999999,0.152,0.497,0.209,1,3,33
56,22.0,33,2.7,0.9,0.6,-3.6,0.019,0.077,0.134,0.512,0.095,2,3,33
56,23.0,58,4.1,1.4,1.2,4.3,0.016,0.094,0.165,0.513,0.149,3,3,33
39,27.0,29,3.9,2.8,1.7,-14.3,0.053,0.127,0.129,0.473,0.158,1,3,22
39,28.0,10,2.5,1.1,0.1,2.2,0.051,0.176,0.153,0.847,0.037,2,3,22
39,29.0,71,7.1,3.5,0.9,8.3,0.0579999999999999,0.132,0.14,0.679,0.076,3,3,22
70,21.0,9,1.9,0.6,0.4,-7.1,0.036,0.068,0.218,0.351,0.114,1,3,43
70,22.0,13,7.0,3.5,1.3,-4.3,0.0409999999999999,0.129,0.171,0.51,0.1,2,3,43
70,23.0,42,5.0,1.7,0.9,-15.7,0.038,0.09,0.172,0.52,0.11,3,3,43
266,26.0,73,13.5,3.2,1.4,7.5,0.005,0.099,0.157,0.684,0.068,1,3,149
266,27.0,72,13.1,3.5,1.8,2.3,0.003,0.109,0.162,0.628,0.0819999999999999,2,3,149
266,28.0,79,10.9,2.6,1.6,2.6,0.012,0.089,0.174,0.573,0.095,3,3,149
110,34.0,58,19.4,5.0,7.5,6.0,0.015,0.115,0.225,0.59,0.309,1,3,68
110,35.0,46,17.2,5.4,7.3,-0.3,0.021,0.133,0.209,0.593,0.311,2,3,68
110,36.0,63,13.4,4.5,7.5,5.9,0.016,0.1159999999999999,0.178,0.6,0.321,3,3,68
260,23.0,70,26.6,4.2,6.5,2.7,0.012,0.106,0.294,0.618,0.288,1,3,144
260,24.0,67,25.6,4.2,4.3,7.2,0.016,0.108,0.319,0.5870000000000001,0.2,2,3,144
260,25.0,68,26.8,5.0,4.8,9.5,0.02,0.1169999999999999,0.313,0.5760000000000001,0.212,3,3,144
249,23.0,66,9.2,4.8,2.3,12.2,0.0409999999999999,0.14,0.168,0.557,0.134,1,3,139
249,24.0,66,10.4,5.8,3.1,8.1,0.043,0.155,0.163,0.542,0.1369999999999999,2,3,139
249,25.0,42,9.0,4.0,2.8,-3.7,0.039,0.125,0.187,0.51,0.1669999999999999,3,3,139
180,30.0,71,6.9,2.0,2.5,5.0,0.016,0.0819999999999999,0.152,0.5770000000000001,0.181,1,3,105
180,31.0,61,5.5,1.7,2.9,-5.7,0.016,0.08,0.166,0.489,0.251,2,3,105
180,32.0,23,3.6,1.7,2.4,-6.4,0.018,0.107,0.146,0.472,0.243,3,3,105
299,32.0,57,10.5,2.1,4.6,1.5,0.015,0.067,0.184,0.5539999999999999,0.281,1,3,165
299,33.0,57,7.7,1.6,3.3,-1.8,0.017,0.063,0.1639999999999999,0.57,0.223,2,3,165
299,34.0,55,5.3,1.2,1.9,-10.6,0.012,0.065,0.139,0.61,0.176,3,3,165
415,28.0,56,3.3,2.7,0.6,0.8,0.032,0.123,0.1009999999999999,0.477,0.055,1,3,227
415,29.0,16,5.7,1.4,1.0,-4.0,0.042,0.078,0.179,0.619,0.128,2,3,227
415,30.0,51,5.4,2.2,0.9,-3.7,0.037,0.104,0.142,0.5770000000000001,0.094,3,3,227
343,23.0,72,7.5,3.3,1.6,7.9,0.039,0.1369999999999999,0.181,0.588,0.14,1,3,193
343,24.0,61,8.7,2.5,1.4,-2.8,0.018,0.125,0.213,0.555,0.122,2,3,193
343,25.0,30,10.4,3.1,1.3,4.4,0.019,0.138,0.244,0.5429999999999999,0.107,3,3,193
136,26.0,51,23.0,11.6,3.0,5.2,0.091,0.2789999999999999,0.315,0.59,0.178,1,3,80
136,27.0,51,28.5,10.6,2.8,12.0,0.078,0.254,0.352,0.636,0.156,2,3,80
136,28.0,68,30.6,11.7,4.2,7.9,0.068,0.273,0.375,0.616,0.236,3,3,80
198,25.0,65,11.0,3.6,2.4,-9.0,0.02,0.103,0.162,0.552,0.115,1,3,114
198,26.0,59,10.4,3.4,2.9,-11.0,0.024,0.113,0.198,0.488,0.173,2,3,114
198,27.0,66,10.7,2.2,2.0,-1.8,0.017,0.08,0.206,0.563,0.144,3,3,114
490,25.0,10,3.1,1.7,0.8,16.3,0.02,0.163,0.142,0.517,0.107,1,3,267
490,26.0,27,4.1,1.7,0.6,-1.7,0.012,0.129,0.133,0.649,0.081,2,3,267
490,27.0,9,3.4,3.0,0.9,-17.9,0.016,0.145,0.106,0.432,0.074,3,3,267
